{
    "name": "test",
    "playeraHasPlayedTuitorial": true,
    "isNotFirst": true,
    "mastervol": 1.0,
    "sfxvol": 0.3134719431400299,
    "bgmvol": 0.4711877405643463
}