{
    "name": "asdf",
    "playeraHasPlayedTuitorial": false,
    "mastervol": 0.31809958815574648,
    "sfxvol": 0.7897623777389526,
    "bgmvol": 0.6055391430854797
}