{
    "name": "asdf",
    "playeraHasPlayedTuitorial": false,
    "mastervol": 0.5955559611320496,
    "sfxvol": 0.739795446395874,
    "bgmvol": 0.5355764627456665
}