{
    "name": "asdf",
    "playeraHasPlayedTuitorial": false,
    "mastervol": 0.5065597295761108,
    "sfxvol": 0.4728066623210907,
    "bgmvol": 0.8025653958320618
}