{
    "name": "",
    "playeraHasPlayedTuitorial": true,
    "isNotFirst": true,
    "mastervol": 1.0,
    "sfxvol": 0.8422842025756836,
    "bgmvol": 0.9721676111221314
}